transaction_id,date,customer_id,product_id,quantity,price_per_unit,total_amount,estimated_cost,estimated_profit,year,month,quarter
1,2023-11-24,CUST001,PROD_001,3,50,150,105.0,45.0,2023,11,4
2,2023-02-27,CUST002,PROD_002,2,500,1000,700.0,300.0,2023,2,1
3,2023-01-13,CUST003,PROD_003,1,30,30,21.0,9.0,2023,1,1
4,2023-05-21,CUST004,PROD_002,1,500,500,350.0,150.0,2023,5,2
5,2023-05-06,CUST005,PROD_001,2,50,100,70.0,30.0,2023,5,2
6,2023-04-25,CUST006,PROD_001,1,30,30,21.0,9.0,2023,4,2
7,2023-03-13,CUST007,PROD_002,2,25,50,35.0,15.0,2023,3,1
8,2023-02-22,CUST008,PROD_003,4,25,100,70.0,30.0,2023,2,1
9,2023-12-13,CUST009,PROD_003,2,300,600,420.0,180.0,2023,12,4
10,2023-10-07,CUST010,PROD_002,4,50,200,140.0,60.0,2023,10,4
11,2023-02-14,CUST011,PROD_002,2,50,100,70.0,30.0,2023,2,1
12,2023-10-30,CUST012,PROD_001,3,25,75,52.5,22.5,2023,10,4
13,2023-08-05,CUST013,PROD_003,3,500,1500,1050.0,450.0,2023,8,3
14,2023-01-17,CUST014,PROD_002,4,30,120,84.0,36.0,2023,1,1
15,2023-01-16,CUST015,PROD_003,4,500,2000,1400.0,600.0,2023,1,1
16,2023-02-17,CUST016,PROD_002,3,500,1500,1050.0,450.0,2023,2,1
17,2023-04-22,CUST017,PROD_002,4,25,100,70.0,30.0,2023,4,2
18,2023-04-30,CUST018,PROD_003,2,25,50,35.0,15.0,2023,4,2
19,2023-09-16,CUST019,PROD_002,2,25,50,35.0,15.0,2023,9,3
20,2023-11-05,CUST020,PROD_002,3,300,900,630.0,270.0,2023,11,4
21,2023-01-14,CUST021,PROD_001,1,500,500,350.0,150.0,2023,1,1
22,2023-10-15,CUST022,PROD_002,2,50,100,70.0,30.0,2023,10,4
23,2023-04-12,CUST023,PROD_002,4,30,120,84.0,36.0,2023,4,2
24,2023-11-29,CUST024,PROD_002,1,300,300,210.0,90.0,2023,11,4
25,2023-12-26,CUST025,PROD_001,1,50,50,35.0,15.0,2023,12,4
26,2023-10-07,CUST026,PROD_003,2,500,1000,700.0,300.0,2023,10,4
27,2023-08-03,CUST027,PROD_001,2,25,50,35.0,15.0,2023,8,3
28,2023-04-23,CUST028,PROD_001,1,500,500,350.0,150.0,2023,4,2
29,2023-08-18,CUST029,PROD_003,1,30,30,21.0,9.0,2023,8,3
30,2023-10-29,CUST030,PROD_001,3,300,900,630.0,270.0,2023,10,4
31,2023-05-23,CUST031,PROD_003,4,300,1200,840.0,360.0,2023,5,2
32,2023-01-04,CUST032,PROD_001,3,30,90,62.99999999999999,27.0,2023,1,1
33,2023-03-23,CUST033,PROD_003,2,50,100,70.0,30.0,2023,3,1
34,2023-12-24,CUST034,PROD_002,3,50,150,105.0,45.0,2023,12,4
35,2023-08-05,CUST035,PROD_001,3,300,900,630.0,270.0,2023,8,3
36,2023-06-24,CUST036,PROD_001,3,300,900,630.0,270.0,2023,6,2
37,2023-05-23,CUST037,PROD_001,3,25,75,52.5,22.5,2023,5,2
38,2023-03-21,CUST038,PROD_001,4,50,200,140.0,60.0,2023,3,1
39,2023-04-21,CUST039,PROD_002,4,30,120,84.0,36.0,2023,4,2
40,2023-06-22,CUST040,PROD_001,1,50,50,35.0,15.0,2023,6,2
41,2023-02-22,CUST041,PROD_002,2,25,50,35.0,15.0,2023,2,1
42,2023-02-17,CUST042,PROD_002,3,300,900,630.0,270.0,2023,2,1
43,2023-07-14,CUST043,PROD_002,1,300,300,210.0,90.0,2023,7,3
44,2023-02-19,CUST044,PROD_002,1,25,25,17.5,7.5,2023,2,1
45,2023-07-03,CUST045,PROD_003,1,30,30,21.0,9.0,2023,7,3
46,2023-06-26,CUST046,PROD_003,4,300,1200,840.0,360.0,2023,6,2
47,2023-11-06,CUST047,PROD_001,3,500,1500,1050.0,450.0,2023,11,4
48,2023-05-16,CUST048,PROD_003,3,300,900,630.0,270.0,2023,5,2
49,2023-01-23,CUST049,PROD_003,2,500,1000,700.0,300.0,2023,1,1
50,2023-08-24,CUST050,PROD_001,3,25,75,52.5,22.5,2023,8,3
51,2023-10-02,CUST051,PROD_001,3,25,75,52.5,22.5,2023,10,4
52,2023-03-05,CUST052,PROD_001,1,300,300,210.0,90.0,2023,3,1
53,2023-07-13,CUST053,PROD_003,2,50,100,70.0,30.0,2023,7,3
54,2023-02-10,CUST054,PROD_003,3,500,1500,1050.0,450.0,2023,2,1
55,2023-10-10,CUST055,PROD_001,4,30,120,84.0,36.0,2023,10,4
56,2023-05-31,CUST056,PROD_002,3,300,900,630.0,270.0,2023,5,2
57,2023-11-18,CUST057,PROD_001,1,30,30,21.0,9.0,2023,11,4
58,2023-11-13,CUST058,PROD_002,4,300,1200,840.0,360.0,2023,11,4
59,2023-07-05,CUST059,PROD_002,1,50,50,35.0,15.0,2023,7,3
60,2023-10-23,CUST060,PROD_001,3,50,150,105.0,45.0,2023,10,4
61,2023-04-09,CUST061,PROD_001,4,50,200,140.0,60.0,2023,4,2
62,2023-12-27,CUST062,PROD_001,2,50,100,70.0,30.0,2023,12,4
63,2023-02-05,CUST063,PROD_003,2,25,50,35.0,15.0,2023,2,1
64,2023-01-24,CUST064,PROD_002,4,25,100,70.0,30.0,2023,1,1
65,2023-12-05,CUST065,PROD_003,4,500,2000,1400.0,600.0,2023,12,4
66,2023-04-27,CUST066,PROD_003,1,30,30,21.0,9.0,2023,4,2
67,2023-05-29,CUST067,PROD_001,4,300,1200,840.0,360.0,2023,5,2
68,2023-02-10,CUST068,PROD_003,1,300,300,210.0,90.0,2023,2,1
69,2023-04-30,CUST069,PROD_001,3,25,75,52.5,22.5,2023,4,2
70,2023-02-21,CUST070,PROD_002,1,300,300,210.0,90.0,2023,2,1
71,2023-07-14,CUST071,PROD_001,4,25,100,70.0,30.0,2023,7,3
72,2023-05-23,CUST072,PROD_003,4,500,2000,1400.0,600.0,2023,5,2
73,2023-08-21,CUST073,PROD_003,3,30,90,62.99999999999999,27.0,2023,8,3
74,2023-11-22,CUST074,PROD_001,4,500,2000,1400.0,600.0,2023,11,4
75,2023-07-06,CUST075,PROD_001,4,50,200,140.0,60.0,2023,7,3
76,2023-03-25,CUST076,PROD_003,2,50,100,70.0,30.0,2023,3,1
77,2023-07-09,CUST077,PROD_002,2,50,100,70.0,30.0,2023,7,3
78,2023-07-01,CUST078,PROD_002,3,500,1500,1050.0,450.0,2023,7,3
79,2023-04-18,CUST079,PROD_001,1,300,300,210.0,90.0,2023,4,2
80,2023-12-10,CUST080,PROD_002,2,30,60,42.0,18.0,2023,12,4
81,2023-05-17,CUST081,PROD_003,1,50,50,35.0,15.0,2023,5,2
82,2023-12-26,CUST082,PROD_001,4,50,200,140.0,60.0,2023,12,4
83,2023-12-16,CUST083,PROD_003,2,50,100,70.0,30.0,2023,12,4
84,2023-11-28,CUST084,PROD_003,3,30,90,62.99999999999999,27.0,2023,11,4
85,2023-02-06,CUST085,PROD_002,3,50,150,105.0,45.0,2023,2,1
86,2023-11-08,CUST086,PROD_001,3,30,90,62.99999999999999,27.0,2023,11,4
87,2023-11-22,CUST087,PROD_001,2,50,100,70.0,30.0,2023,11,4
88,2023-03-29,CUST088,PROD_002,1,500,500,350.0,150.0,2023,3,1
89,2023-10-01,CUST089,PROD_003,4,500,2000,1400.0,600.0,2023,10,4
90,2023-05-06,CUST090,PROD_003,1,30,30,21.0,9.0,2023,5,2
91,2023-03-25,CUST091,PROD_003,1,500,500,350.0,150.0,2023,3,1
92,2023-08-25,CUST092,PROD_003,4,30,120,84.0,36.0,2023,8,3
93,2023-07-14,CUST093,PROD_001,4,500,2000,1400.0,600.0,2023,7,3
94,2023-05-19,CUST094,PROD_001,2,500,1000,700.0,300.0,2023,5,2
95,2023-11-24,CUST095,PROD_002,2,30,60,42.0,18.0,2023,11,4
96,2023-12-19,CUST096,PROD_002,2,300,600,420.0,180.0,2023,12,4
97,2023-10-13,CUST097,PROD_001,2,500,1000,700.0,300.0,2023,10,4
98,2023-04-23,CUST098,PROD_001,2,50,100,70.0,30.0,2023,4,2
99,2023-12-17,CUST099,PROD_003,4,300,1200,840.0,360.0,2023,12,4
100,2023-06-16,CUST100,PROD_003,1,30,30,21.0,9.0,2023,6,2
101,2023-01-29,CUST101,PROD_002,2,300,600,420.0,180.0,2023,1,1
102,2023-04-28,CUST102,PROD_001,2,25,50,35.0,15.0,2023,4,2
103,2023-01-17,CUST103,PROD_002,1,25,25,17.5,7.5,2023,1,1
104,2023-06-11,CUST104,PROD_001,2,500,1000,700.0,300.0,2023,6,2
105,2023-07-25,CUST105,PROD_003,1,500,500,350.0,150.0,2023,7,3
106,2023-05-18,CUST106,PROD_002,1,50,50,35.0,15.0,2023,5,2
107,2023-02-03,CUST107,PROD_002,4,300,1200,840.0,360.0,2023,2,1
108,2023-04-19,CUST108,PROD_001,3,25,75,52.5,22.5,2023,4,2
109,2023-10-18,CUST109,PROD_003,4,500,2000,1400.0,600.0,2023,10,4
110,2023-06-11,CUST110,PROD_002,3,300,900,630.0,270.0,2023,6,2
111,2023-04-19,CUST111,PROD_003,3,500,1500,1050.0,450.0,2023,4,2
112,2023-12-02,CUST112,PROD_002,3,500,1500,1050.0,450.0,2023,12,4
113,2023-09-13,CUST113,PROD_003,2,25,50,35.0,15.0,2023,9,3
114,2023-07-22,CUST114,PROD_001,4,25,100,70.0,30.0,2023,7,3
115,2023-11-26,CUST115,PROD_002,3,500,1500,1050.0,450.0,2023,11,4
116,2023-08-23,CUST116,PROD_002,1,30,30,21.0,9.0,2023,8,3
117,2023-03-15,CUST117,PROD_003,2,500,1000,700.0,300.0,2023,3,1
118,2023-05-16,CUST118,PROD_003,4,500,2000,1400.0,600.0,2023,5,2
119,2023-03-13,CUST119,PROD_002,3,50,150,105.0,45.0,2023,3,1
120,2023-05-07,CUST120,PROD_001,1,50,50,35.0,15.0,2023,5,2
121,2023-10-15,CUST121,PROD_003,4,50,200,140.0,60.0,2023,10,4
122,2023-10-03,CUST122,PROD_003,4,30,120,84.0,36.0,2023,10,4
123,2023-05-15,CUST123,PROD_003,2,30,60,42.0,18.0,2023,5,2
124,2023-10-27,CUST124,PROD_002,4,500,2000,1400.0,600.0,2023,10,4
125,2023-08-08,CUST125,PROD_002,2,50,100,70.0,30.0,2023,8,3
126,2023-10-26,CUST126,PROD_002,3,30,90,62.99999999999999,27.0,2023,10,4
127,2023-07-24,CUST127,PROD_002,2,25,50,35.0,15.0,2023,7,3
128,2023-07-05,CUST128,PROD_001,1,500,500,350.0,150.0,2023,7,3
129,2023-04-23,CUST129,PROD_001,2,300,600,420.0,180.0,2023,4,2
130,2023-03-12,CUST130,PROD_002,1,500,500,350.0,150.0,2023,3,1
131,2023-09-18,CUST131,PROD_001,2,300,600,420.0,180.0,2023,9,3
132,2023-09-10,CUST132,PROD_003,4,50,200,140.0,60.0,2023,9,3
133,2023-02-16,CUST133,PROD_003,3,300,900,630.0,270.0,2023,2,1
134,2023-01-25,CUST134,PROD_003,1,50,50,35.0,15.0,2023,1,1
135,2023-02-26,CUST135,PROD_002,2,25,50,35.0,15.0,2023,2,1
136,2023-03-20,CUST136,PROD_003,2,300,600,420.0,180.0,2023,3,1
137,2023-11-18,CUST137,PROD_001,2,500,1000,700.0,300.0,2023,11,4
138,2023-03-23,CUST138,PROD_002,4,50,200,140.0,60.0,2023,3,1
139,2023-12-15,CUST139,PROD_001,4,500,2000,1400.0,600.0,2023,12,4
140,2023-08-05,CUST140,PROD_003,1,30,30,21.0,9.0,2023,8,3
141,2023-11-02,CUST141,PROD_003,1,50,50,35.0,15.0,2023,11,4
142,2023-02-02,CUST142,PROD_003,4,300,1200,840.0,360.0,2023,2,1
143,2023-07-17,CUST143,PROD_002,1,50,50,35.0,15.0,2023,7,3
144,2023-07-15,CUST144,PROD_001,3,500,1500,1050.0,450.0,2023,7,3
145,2023-11-02,CUST145,PROD_002,3,25,75,52.5,22.5,2023,11,4
146,2023-08-28,CUST146,PROD_002,4,50,200,140.0,60.0,2023,8,3
147,2023-09-28,CUST147,PROD_003,1,300,300,210.0,90.0,2023,9,3
148,2023-05-09,CUST148,PROD_002,2,30,60,42.0,18.0,2023,5,2
149,2023-10-11,CUST149,PROD_002,3,25,75,52.5,22.5,2023,10,4
150,2023-01-06,CUST150,PROD_003,4,30,120,84.0,36.0,2023,1,1
151,2023-12-15,CUST151,PROD_002,1,50,50,35.0,15.0,2023,12,4
152,2023-02-28,CUST152,PROD_003,4,500,2000,1400.0,600.0,2023,2,1
153,2023-12-16,CUST153,PROD_003,2,500,1000,700.0,300.0,2023,12,4
154,2023-10-02,CUST154,PROD_003,3,300,900,630.0,270.0,2023,10,4
155,2023-05-17,CUST155,PROD_003,4,500,2000,1400.0,600.0,2023,5,2
156,2023-11-25,CUST156,PROD_002,4,25,100,70.0,30.0,2023,11,4
157,2023-06-24,CUST157,PROD_003,4,500,2000,1400.0,600.0,2023,6,2
158,2023-02-27,CUST158,PROD_003,2,300,600,420.0,180.0,2023,2,1
159,2023-05-31,CUST159,PROD_002,4,50,200,140.0,60.0,2023,5,2
160,2023-08-11,CUST160,PROD_002,2,50,100,70.0,30.0,2023,8,3
161,2023-03-22,CUST161,PROD_001,2,500,1000,700.0,300.0,2023,3,1
162,2023-08-21,CUST162,PROD_002,2,30,60,42.0,18.0,2023,8,3
163,2023-01-02,CUST163,PROD_002,3,50,150,105.0,45.0,2023,1,1
164,2023-05-15,CUST164,PROD_001,3,500,1500,1050.0,450.0,2023,5,2
165,2023-09-14,CUST165,PROD_002,4,300,1200,840.0,360.0,2023,9,3
166,2023-04-02,CUST166,PROD_002,4,500,2000,1400.0,600.0,2023,4,2
167,2023-09-17,CUST167,PROD_002,3,50,150,105.0,45.0,2023,9,3
168,2023-02-24,CUST168,PROD_002,1,300,300,210.0,90.0,2023,2,1
169,2023-11-17,CUST169,PROD_001,3,500,1500,1050.0,450.0,2023,11,4
170,2023-06-02,CUST170,PROD_002,2,25,50,35.0,15.0,2023,6,2
171,2023-11-24,CUST171,PROD_002,3,300,900,630.0,270.0,2023,11,4
172,2023-09-17,CUST172,PROD_001,2,25,50,35.0,15.0,2023,9,3
173,2023-11-08,CUST173,PROD_003,4,30,120,84.0,36.0,2023,11,4
174,2023-04-12,CUST174,PROD_001,1,300,300,210.0,90.0,2023,4,2
175,2023-03-20,CUST175,PROD_003,4,25,100,70.0,30.0,2023,3,1
176,2023-07-11,CUST176,PROD_001,2,50,100,70.0,30.0,2023,7,3
177,2023-03-24,CUST177,PROD_001,2,50,100,70.0,30.0,2023,3,1
178,2023-10-04,CUST178,PROD_002,2,30,60,42.0,18.0,2023,10,4
179,2023-09-29,CUST179,PROD_003,1,300,300,210.0,90.0,2023,9,3
180,2023-01-01,CUST180,PROD_002,3,300,900,630.0,270.0,2023,1,1
181,2023-11-03,CUST181,PROD_003,4,300,1200,840.0,360.0,2023,11,4
182,2023-06-15,CUST182,PROD_001,4,30,120,84.0,36.0,2023,6,2
183,2023-09-08,CUST183,PROD_001,3,300,900,630.0,270.0,2023,9,3
184,2023-01-10,CUST184,PROD_003,4,50,200,140.0,60.0,2023,1,1
185,2023-02-27,CUST185,PROD_002,1,25,25,17.5,7.5,2023,2,1
186,2023-07-05,CUST186,PROD_002,4,50,200,140.0,60.0,2023,7,3
187,2023-06-07,CUST187,PROD_002,2,50,100,70.0,30.0,2023,6,2
188,2023-05-03,CUST188,PROD_002,3,25,75,52.5,22.5,2023,5,2
189,2023-01-30,CUST189,PROD_001,1,50,50,35.0,15.0,2023,1,1
190,2023-05-04,CUST190,PROD_001,3,30,90,62.99999999999999,27.0,2023,5,2
191,2023-10-18,CUST191,PROD_001,1,25,25,17.5,7.5,2023,10,4
192,2023-02-10,CUST192,PROD_001,2,50,100,70.0,30.0,2023,2,1
193,2023-02-13,CUST193,PROD_001,3,500,1500,1050.0,450.0,2023,2,1
194,2023-09-06,CUST194,PROD_002,4,50,200,140.0,60.0,2023,9,3
195,2023-02-05,CUST195,PROD_002,1,30,30,21.0,9.0,2023,2,1
196,2023-09-30,CUST196,PROD_002,3,300,900,630.0,270.0,2023,9,3
197,2023-03-06,CUST197,PROD_002,4,50,200,140.0,60.0,2023,3,1
198,2023-03-07,CUST198,PROD_001,3,300,900,630.0,270.0,2023,3,1
199,2023-12-04,CUST199,PROD_001,3,500,1500,1050.0,450.0,2023,12,4
200,2023-09-01,CUST200,PROD_001,3,50,150,105.0,45.0,2023,9,3
201,2023-10-09,CUST201,PROD_003,1,25,25,17.5,7.5,2023,10,4
202,2023-03-26,CUST202,PROD_002,4,300,1200,840.0,360.0,2023,3,1
203,2023-05-16,CUST203,PROD_002,2,500,1000,700.0,300.0,2023,5,2
204,2023-09-28,CUST204,PROD_001,1,25,25,17.5,7.5,2023,9,3
205,2023-11-07,CUST205,PROD_002,1,25,25,17.5,7.5,2023,11,4
206,2023-08-05,CUST206,PROD_002,1,25,25,17.5,7.5,2023,8,3
207,2023-04-19,CUST207,PROD_001,2,25,50,35.0,15.0,2023,4,2
208,2023-10-04,CUST208,PROD_003,4,50,200,140.0,60.0,2023,10,4
209,2023-12-20,CUST209,PROD_003,4,50,200,140.0,60.0,2023,12,4
210,2023-04-13,CUST210,PROD_003,4,50,200,140.0,60.0,2023,4,2
211,2024-01-01,CUST211,PROD_001,3,500,1500,1050.0,450.0,2024,1,1
212,2023-06-09,CUST212,PROD_002,3,500,1500,1050.0,450.0,2023,6,2
213,2023-07-24,CUST213,PROD_001,3,500,1500,1050.0,450.0,2023,7,3
214,2023-12-10,CUST214,PROD_001,2,30,60,42.0,18.0,2023,12,4
215,2023-11-29,CUST215,PROD_002,3,500,1500,1050.0,450.0,2023,11,4
216,2023-07-11,CUST216,PROD_003,2,50,100,70.0,30.0,2023,7,3
217,2023-08-13,CUST217,PROD_003,4,50,200,140.0,60.0,2023,8,3
218,2023-09-22,CUST218,PROD_001,3,30,90,62.99999999999999,27.0,2023,9,3
219,2023-08-20,CUST219,PROD_003,3,30,90,62.99999999999999,27.0,2023,8,3
220,2023-03-03,CUST220,PROD_001,1,500,500,350.0,150.0,2023,3,1
221,2023-05-07,CUST221,PROD_001,2,300,600,420.0,180.0,2023,5,2
222,2023-04-26,CUST222,PROD_002,4,30,120,84.0,36.0,2023,4,2
223,2023-02-02,CUST223,PROD_002,1,25,25,17.5,7.5,2023,2,1
224,2023-06-23,CUST224,PROD_002,1,50,50,35.0,15.0,2023,6,2
225,2023-01-11,CUST225,PROD_001,4,25,100,70.0,30.0,2023,1,1
226,2023-10-29,CUST226,PROD_002,1,50,50,35.0,15.0,2023,10,4
227,2023-10-11,CUST227,PROD_003,2,50,100,70.0,30.0,2023,10,4
228,2023-04-28,CUST228,PROD_003,2,30,60,42.0,18.0,2023,4,2
229,2023-10-29,CUST229,PROD_001,3,30,90,62.99999999999999,27.0,2023,10,4
230,2023-04-23,CUST230,PROD_001,1,25,25,17.5,7.5,2023,4,2
231,2023-01-04,CUST231,PROD_002,3,50,150,105.0,45.0,2023,1,1
232,2023-02-06,CUST232,PROD_001,1,25,25,17.5,7.5,2023,2,1
233,2023-12-29,CUST233,PROD_001,2,300,600,420.0,180.0,2023,12,4
234,2023-11-20,CUST234,PROD_003,2,25,50,35.0,15.0,2023,11,4
235,2023-01-31,CUST235,PROD_003,2,500,1000,700.0,300.0,2023,1,1
236,2023-04-28,CUST236,PROD_002,1,25,25,17.5,7.5,2023,4,2
237,2023-02-04,CUST237,PROD_001,2,500,1000,700.0,300.0,2023,2,1
238,2023-01-17,CUST238,PROD_001,1,500,500,350.0,150.0,2023,1,1
239,2023-06-19,CUST239,PROD_003,3,500,1500,1050.0,450.0,2023,6,2
240,2023-02-06,CUST240,PROD_001,1,300,300,210.0,90.0,2023,2,1
241,2023-09-21,CUST241,PROD_003,3,25,75,52.5,22.5,2023,9,3
242,2023-05-02,CUST242,PROD_002,1,25,25,17.5,7.5,2023,5,2
243,2023-05-23,CUST243,PROD_003,3,300,900,630.0,270.0,2023,5,2
244,2023-12-09,CUST244,PROD_001,2,50,100,70.0,30.0,2023,12,4
245,2023-09-06,CUST245,PROD_002,3,30,90,62.99999999999999,27.0,2023,9,3
246,2023-04-20,CUST246,PROD_003,2,25,50,35.0,15.0,2023,4,2
247,2023-10-04,CUST247,PROD_003,2,30,60,42.0,18.0,2023,10,4
248,2023-03-09,CUST248,PROD_002,3,300,900,630.0,270.0,2023,3,1
249,2023-10-20,CUST249,PROD_002,1,50,50,35.0,15.0,2023,10,4
250,2023-10-23,CUST250,PROD_003,1,50,50,35.0,15.0,2023,10,4
251,2023-08-31,CUST251,PROD_001,4,50,200,140.0,60.0,2023,8,3
252,2023-05-05,CUST252,PROD_003,1,300,300,210.0,90.0,2023,5,2
253,2023-08-31,CUST253,PROD_002,4,500,2000,1400.0,600.0,2023,8,3
254,2023-07-28,CUST254,PROD_003,1,500,500,350.0,150.0,2023,7,3
255,2023-04-08,CUST255,PROD_002,1,30,30,21.0,9.0,2023,4,2
256,2023-02-18,CUST256,PROD_002,2,500,1000,700.0,300.0,2023,2,1
257,2023-02-19,CUST257,PROD_001,4,500,2000,1400.0,600.0,2023,2,1
258,2023-12-04,CUST258,PROD_002,1,50,50,35.0,15.0,2023,12,4
259,2023-08-09,CUST259,PROD_002,4,50,200,140.0,60.0,2023,8,3
260,2023-07-01,CUST260,PROD_001,2,30,60,42.0,18.0,2023,7,3
261,2023-08-05,CUST261,PROD_002,2,25,50,35.0,15.0,2023,8,3
262,2023-07-30,CUST262,PROD_001,4,30,120,84.0,36.0,2023,7,3
263,2023-08-28,CUST263,PROD_001,2,30,60,42.0,18.0,2023,8,3
264,2023-01-28,CUST264,PROD_002,3,300,900,630.0,270.0,2023,1,1
265,2023-12-11,CUST265,PROD_002,3,300,900,630.0,270.0,2023,12,4
266,2023-12-01,CUST266,PROD_003,2,30,60,42.0,18.0,2023,12,4
267,2023-11-27,CUST267,PROD_001,3,30,90,62.99999999999999,27.0,2023,11,4
268,2023-02-20,CUST268,PROD_003,1,30,30,21.0,9.0,2023,2,1
269,2023-02-01,CUST269,PROD_002,4,500,2000,1400.0,600.0,2023,2,1
270,2023-07-26,CUST270,PROD_003,1,300,300,210.0,90.0,2023,7,3
271,2023-06-23,CUST271,PROD_001,4,30,120,84.0,36.0,2023,6,2
272,2023-02-25,CUST272,PROD_003,2,50,100,70.0,30.0,2023,2,1
273,2023-05-08,CUST273,PROD_001,1,50,50,35.0,15.0,2023,5,2
274,2023-04-09,CUST274,PROD_002,2,500,1000,700.0,300.0,2023,4,2
275,2023-04-08,CUST275,PROD_002,2,500,1000,700.0,300.0,2023,4,2
276,2023-10-02,CUST276,PROD_001,4,25,100,70.0,30.0,2023,10,4
277,2023-08-18,CUST277,PROD_002,4,25,100,70.0,30.0,2023,8,3
278,2023-03-13,CUST278,PROD_002,4,25,100,70.0,30.0,2023,3,1
279,2023-08-05,CUST279,PROD_002,1,500,500,350.0,150.0,2023,8,3
280,2023-04-04,CUST280,PROD_002,3,500,1500,1050.0,450.0,2023,4,2
281,2023-05-23,CUST281,PROD_001,4,500,2000,1400.0,600.0,2023,5,2
282,2023-08-25,CUST282,PROD_003,4,50,200,140.0,60.0,2023,8,3
283,2023-05-08,CUST283,PROD_003,1,500,500,350.0,150.0,2023,5,2
284,2023-02-08,CUST284,PROD_002,4,50,200,140.0,60.0,2023,2,1
285,2023-08-15,CUST285,PROD_003,1,25,25,17.5,7.5,2023,8,3
286,2023-10-09,CUST286,PROD_003,2,25,50,35.0,15.0,2023,10,4
287,2023-02-20,CUST287,PROD_002,4,25,100,70.0,30.0,2023,2,1
288,2023-01-26,CUST288,PROD_002,4,30,120,84.0,36.0,2023,1,1
289,2023-11-30,CUST289,PROD_003,2,30,60,42.0,18.0,2023,11,4
290,2023-10-04,CUST290,PROD_001,2,300,600,420.0,180.0,2023,10,4
291,2023-01-08,CUST291,PROD_002,2,300,600,420.0,180.0,2023,1,1
292,2023-02-17,CUST292,PROD_001,4,300,1200,840.0,360.0,2023,2,1
293,2023-05-02,CUST293,PROD_003,3,30,90,62.99999999999999,27.0,2023,5,2
294,2023-03-27,CUST294,PROD_002,3,30,90,62.99999999999999,27.0,2023,3,1
295,2023-07-28,CUST295,PROD_001,3,300,900,630.0,270.0,2023,7,3
296,2023-09-06,CUST296,PROD_002,4,300,1200,840.0,360.0,2023,9,3
297,2023-09-04,CUST297,PROD_003,2,500,1000,700.0,300.0,2023,9,3
298,2023-04-20,CUST298,PROD_001,4,300,1200,840.0,360.0,2023,4,2
299,2023-07-25,CUST299,PROD_003,2,500,1000,700.0,300.0,2023,7,3
300,2023-01-31,CUST300,PROD_003,4,50,200,140.0,60.0,2023,1,1
301,2023-03-26,CUST301,PROD_002,4,30,120,84.0,36.0,2023,3,1
302,2023-07-14,CUST302,PROD_001,2,300,600,420.0,180.0,2023,7,3
303,2023-01-02,CUST303,PROD_003,3,30,90,62.99999999999999,27.0,2023,1,1
304,2023-07-19,CUST304,PROD_003,2,30,60,42.0,18.0,2023,7,3
305,2023-05-16,CUST305,PROD_001,1,30,30,21.0,9.0,2023,5,2
306,2023-08-21,CUST306,PROD_003,1,50,50,35.0,15.0,2023,8,3
307,2023-05-27,CUST307,PROD_003,2,25,50,35.0,15.0,2023,5,2
308,2023-08-05,CUST308,PROD_001,4,300,1200,840.0,360.0,2023,8,3
309,2023-12-23,CUST309,PROD_001,1,25,25,17.5,7.5,2023,12,4
310,2023-10-12,CUST310,PROD_001,1,25,25,17.5,7.5,2023,10,4
311,2023-12-05,CUST311,PROD_001,4,25,100,70.0,30.0,2023,12,4
312,2023-09-07,CUST312,PROD_002,4,30,120,84.0,36.0,2023,9,3
313,2023-03-21,CUST313,PROD_001,3,500,1500,1050.0,450.0,2023,3,1
314,2023-04-08,CUST314,PROD_002,4,30,120,84.0,36.0,2023,4,2
315,2023-06-01,CUST315,PROD_002,2,30,60,42.0,18.0,2023,6,2
316,2023-04-22,CUST316,PROD_002,2,25,50,35.0,15.0,2023,4,2
317,2023-01-30,CUST317,PROD_003,3,30,90,62.99999999999999,27.0,2023,1,1
318,2023-10-24,CUST318,PROD_002,1,25,25,17.5,7.5,2023,10,4
319,2023-10-05,CUST319,PROD_002,1,500,500,350.0,150.0,2023,10,4
320,2023-02-01,CUST320,PROD_003,4,300,1200,840.0,360.0,2023,2,1
321,2023-06-10,CUST321,PROD_003,2,25,50,35.0,15.0,2023,6,2
322,2023-01-30,CUST322,PROD_003,1,500,500,350.0,150.0,2023,1,1
323,2023-01-26,CUST323,PROD_001,3,300,900,630.0,270.0,2023,1,1
324,2023-10-27,CUST324,PROD_003,3,50,150,105.0,45.0,2023,10,4
325,2023-09-02,CUST325,PROD_003,2,25,50,35.0,15.0,2023,9,3
326,2023-09-15,CUST326,PROD_002,3,25,75,52.5,22.5,2023,9,3
327,2023-09-29,CUST327,PROD_003,3,50,150,105.0,45.0,2023,9,3
328,2023-03-22,CUST328,PROD_001,2,50,100,70.0,30.0,2023,3,1
329,2023-01-30,CUST329,PROD_003,4,25,100,70.0,30.0,2023,1,1
330,2023-09-18,CUST330,PROD_001,4,50,200,140.0,60.0,2023,9,3
331,2023-02-11,CUST331,PROD_003,3,30,90,62.99999999999999,27.0,2023,2,1
332,2023-04-06,CUST332,PROD_003,4,300,1200,840.0,360.0,2023,4,2
333,2023-02-05,CUST333,PROD_003,4,300,1200,840.0,360.0,2023,2,1
334,2023-11-01,CUST334,PROD_003,3,300,900,630.0,270.0,2023,11,4
335,2023-02-04,CUST335,PROD_001,4,30,120,84.0,36.0,2023,2,1
336,2023-12-12,CUST336,PROD_001,3,50,150,105.0,45.0,2023,12,4
337,2023-05-01,CUST337,PROD_002,1,500,500,350.0,150.0,2023,5,2
338,2023-07-26,CUST338,PROD_001,2,50,100,70.0,30.0,2023,7,3
339,2023-03-03,CUST339,PROD_003,2,25,50,35.0,15.0,2023,3,1
340,2023-10-19,CUST340,PROD_002,4,300,1200,840.0,360.0,2023,10,4
341,2023-05-07,CUST341,PROD_002,4,50,200,140.0,60.0,2023,5,2
342,2023-10-24,CUST342,PROD_002,4,500,2000,1400.0,600.0,2023,10,4
343,2023-11-01,CUST343,PROD_003,2,25,50,35.0,15.0,2023,11,4
344,2023-01-21,CUST344,PROD_001,1,30,30,21.0,9.0,2023,1,1
345,2023-11-14,CUST345,PROD_003,1,30,30,21.0,9.0,2023,11,4
346,2023-02-11,CUST346,PROD_002,2,500,1000,700.0,300.0,2023,2,1
347,2023-08-03,CUST347,PROD_003,1,25,25,17.5,7.5,2023,8,3
348,2023-12-03,CUST348,PROD_003,2,300,600,420.0,180.0,2023,12,4
349,2023-10-26,CUST349,PROD_001,1,50,50,35.0,15.0,2023,10,4
350,2023-10-17,CUST350,PROD_001,3,25,75,52.5,22.5,2023,10,4
351,2023-09-25,CUST351,PROD_002,3,30,90,62.99999999999999,27.0,2023,9,3
352,2023-06-11,CUST352,PROD_003,2,500,1000,700.0,300.0,2023,6,2
353,2023-05-14,CUST353,PROD_003,1,500,500,350.0,150.0,2023,5,2
354,2023-04-15,CUST354,PROD_001,4,50,200,140.0,60.0,2023,4,2
355,2023-12-09,CUST355,PROD_003,1,500,500,350.0,150.0,2023,12,4
356,2023-06-10,CUST356,PROD_003,3,500,1500,1050.0,450.0,2023,6,2
357,2023-05-03,CUST357,PROD_003,3,25,75,52.5,22.5,2023,5,2
358,2023-05-16,CUST358,PROD_001,1,300,300,210.0,90.0,2023,5,2
359,2023-07-22,CUST359,PROD_002,1,50,50,35.0,15.0,2023,7,3
360,2023-03-09,CUST360,PROD_002,4,25,100,70.0,30.0,2023,3,1
361,2023-12-10,CUST361,PROD_003,4,300,1200,840.0,360.0,2023,12,4
362,2023-11-27,CUST362,PROD_002,1,25,25,17.5,7.5,2023,11,4
363,2023-06-03,CUST363,PROD_001,1,25,25,17.5,7.5,2023,6,2
364,2023-08-23,CUST364,PROD_001,1,500,500,350.0,150.0,2023,8,3
365,2023-06-11,CUST365,PROD_002,1,300,300,210.0,90.0,2023,6,2
366,2023-02-07,CUST366,PROD_002,2,50,100,70.0,30.0,2023,2,1
367,2023-01-05,CUST367,PROD_003,1,50,50,35.0,15.0,2023,1,1
368,2023-08-23,CUST368,PROD_002,4,300,1200,840.0,360.0,2023,8,3
369,2023-11-15,CUST369,PROD_003,3,500,1500,1050.0,450.0,2023,11,4
370,2023-10-16,CUST370,PROD_003,2,30,60,42.0,18.0,2023,10,4
371,2023-02-21,CUST371,PROD_001,1,25,25,17.5,7.5,2023,2,1
372,2023-02-07,CUST372,PROD_001,3,500,1500,1050.0,450.0,2023,2,1
373,2023-10-03,CUST373,PROD_001,2,300,600,420.0,180.0,2023,10,4
374,2023-04-20,CUST374,PROD_001,3,25,75,52.5,22.5,2023,4,2
375,2023-09-17,CUST375,PROD_002,1,50,50,35.0,15.0,2023,9,3
376,2023-05-16,CUST376,PROD_001,1,30,30,21.0,9.0,2023,5,2
377,2023-03-09,CUST377,PROD_002,4,50,200,140.0,60.0,2023,3,1
378,2023-06-28,CUST378,PROD_001,1,300,300,210.0,90.0,2023,6,2
379,2023-02-05,CUST379,PROD_002,1,25,25,17.5,7.5,2023,2,1
380,2023-05-06,CUST380,PROD_003,2,300,600,420.0,180.0,2023,5,2
381,2023-07-09,CUST381,PROD_002,4,25,100,70.0,30.0,2023,7,3
382,2023-05-26,CUST382,PROD_002,2,500,1000,700.0,300.0,2023,5,2
383,2023-03-22,CUST383,PROD_001,3,30,90,62.99999999999999,27.0,2023,3,1
384,2023-08-13,CUST384,PROD_002,1,500,500,350.0,150.0,2023,8,3
385,2023-10-06,CUST385,PROD_003,3,500,1500,1050.0,450.0,2023,10,4
386,2023-12-27,CUST386,PROD_003,2,300,600,420.0,180.0,2023,12,4
387,2023-06-04,CUST387,PROD_001,1,30,30,21.0,9.0,2023,6,2
388,2023-11-10,CUST388,PROD_003,1,25,25,17.5,7.5,2023,11,4
389,2023-12-01,CUST389,PROD_002,2,25,50,35.0,15.0,2023,12,4
390,2023-09-28,CUST390,PROD_003,2,50,100,70.0,30.0,2023,9,3
391,2023-01-05,CUST391,PROD_001,2,25,50,35.0,15.0,2023,1,1
392,2023-12-08,CUST392,PROD_002,2,300,600,420.0,180.0,2023,12,4
393,2023-10-11,CUST393,PROD_001,2,500,1000,700.0,300.0,2023,10,4
394,2023-06-03,CUST394,PROD_002,1,500,500,350.0,150.0,2023,6,2
395,2023-12-06,CUST395,PROD_003,2,500,1000,700.0,300.0,2023,12,4
396,2023-02-23,CUST396,PROD_001,1,30,30,21.0,9.0,2023,2,1
397,2023-03-10,CUST397,PROD_001,1,25,25,17.5,7.5,2023,3,1
398,2023-05-16,CUST398,PROD_002,2,300,600,420.0,180.0,2023,5,2
399,2023-03-01,CUST399,PROD_001,2,30,60,42.0,18.0,2023,3,1
400,2023-02-24,CUST400,PROD_002,4,50,200,140.0,60.0,2023,2,1
401,2023-10-11,CUST401,PROD_002,1,300,300,210.0,90.0,2023,10,4
402,2023-03-21,CUST402,PROD_002,2,300,600,420.0,180.0,2023,3,1
403,2023-05-20,CUST403,PROD_002,2,300,600,420.0,180.0,2023,5,2
404,2023-05-25,CUST404,PROD_003,2,500,1000,700.0,300.0,2023,5,2
405,2023-11-06,CUST405,PROD_002,4,300,1200,840.0,360.0,2023,11,4
406,2023-04-18,CUST406,PROD_001,4,25,100,70.0,30.0,2023,4,2
407,2023-06-25,CUST407,PROD_003,3,300,900,630.0,270.0,2023,6,2
408,2023-04-15,CUST408,PROD_001,1,500,500,350.0,150.0,2023,4,2
409,2023-12-18,CUST409,PROD_003,3,300,900,630.0,270.0,2023,12,4
410,2023-11-21,CUST410,PROD_002,2,50,100,70.0,30.0,2023,11,4
411,2023-05-16,CUST411,PROD_003,4,50,200,140.0,60.0,2023,5,2
412,2023-09-16,CUST412,PROD_003,4,500,2000,1400.0,600.0,2023,9,3
413,2023-09-08,CUST413,PROD_001,3,25,75,52.5,22.5,2023,9,3
414,2023-05-09,CUST414,PROD_001,4,25,100,70.0,30.0,2023,5,2
415,2023-01-27,CUST415,PROD_002,2,30,60,42.0,18.0,2023,1,1
416,2023-02-17,CUST416,PROD_003,4,500,2000,1400.0,600.0,2023,2,1
417,2023-11-21,CUST417,PROD_003,3,300,900,630.0,270.0,2023,11,4
418,2023-08-05,CUST418,PROD_003,2,500,1000,700.0,300.0,2023,8,3
419,2023-05-22,CUST419,PROD_002,3,30,90,62.99999999999999,27.0,2023,5,2
420,2023-01-23,CUST420,PROD_002,4,500,2000,1400.0,600.0,2023,1,1
421,2023-01-02,CUST421,PROD_002,3,500,1500,1050.0,450.0,2023,1,1
422,2023-06-20,CUST422,PROD_002,3,30,90,62.99999999999999,27.0,2023,6,2
423,2023-03-08,CUST423,PROD_002,1,25,25,17.5,7.5,2023,3,1
424,2023-11-23,CUST424,PROD_001,4,300,1200,840.0,360.0,2023,11,4
425,2023-05-15,CUST425,PROD_003,4,30,120,84.0,36.0,2023,5,2
426,2023-03-24,CUST426,PROD_003,3,50,150,105.0,45.0,2023,3,1
427,2023-08-15,CUST427,PROD_003,1,25,25,17.5,7.5,2023,8,3
428,2023-10-10,CUST428,PROD_003,4,50,200,140.0,60.0,2023,10,4
429,2023-12-28,CUST429,PROD_003,2,25,50,35.0,15.0,2023,12,4
430,2023-08-07,CUST430,PROD_003,3,300,900,630.0,270.0,2023,8,3
431,2023-10-15,CUST431,PROD_003,4,300,1200,840.0,360.0,2023,10,4
432,2023-01-05,CUST432,PROD_003,2,500,1000,700.0,300.0,2023,1,1
433,2023-02-27,CUST433,PROD_001,4,50,200,140.0,60.0,2023,2,1
434,2023-02-08,CUST434,PROD_003,2,25,50,35.0,15.0,2023,2,1
435,2023-12-20,CUST435,PROD_001,3,300,900,630.0,270.0,2023,12,4
436,2023-03-18,CUST436,PROD_002,4,30,120,84.0,36.0,2023,3,1
437,2023-10-07,CUST437,PROD_003,4,300,1200,840.0,360.0,2023,10,4
438,2023-01-19,CUST438,PROD_002,1,30,30,21.0,9.0,2023,1,1
439,2023-07-09,CUST439,PROD_002,3,25,75,52.5,22.5,2023,7,3
440,2023-10-26,CUST440,PROD_002,2,300,600,420.0,180.0,2023,10,4
441,2023-10-10,CUST441,PROD_001,4,300,1200,840.0,360.0,2023,10,4
442,2023-03-17,CUST442,PROD_002,4,25,100,70.0,30.0,2023,3,1
443,2023-08-09,CUST443,PROD_002,2,300,600,420.0,180.0,2023,8,3
444,2023-03-07,CUST444,PROD_002,3,30,90,62.99999999999999,27.0,2023,3,1
445,2023-01-22,CUST445,PROD_003,1,300,300,210.0,90.0,2023,1,1
446,2023-06-07,CUST446,PROD_003,1,50,50,35.0,15.0,2023,6,2
447,2023-07-06,CUST447,PROD_001,4,500,2000,1400.0,600.0,2023,7,3
448,2023-01-21,CUST448,PROD_001,2,30,60,42.0,18.0,2023,1,1
449,2023-07-03,CUST449,PROD_003,4,50,200,140.0,60.0,2023,7,3
450,2023-04-18,CUST450,PROD_001,2,25,50,35.0,15.0,2023,4,2
451,2023-12-16,CUST451,PROD_003,1,30,30,21.0,9.0,2023,12,4
452,2023-05-08,CUST452,PROD_002,3,500,1500,1050.0,450.0,2023,5,2
453,2023-12-08,CUST453,PROD_002,2,500,1000,700.0,300.0,2023,12,4
454,2023-02-22,CUST454,PROD_001,1,25,25,17.5,7.5,2023,2,1
455,2023-07-01,CUST455,PROD_003,4,25,100,70.0,30.0,2023,7,3
456,2023-10-14,CUST456,PROD_003,2,30,60,42.0,18.0,2023,10,4
457,2023-07-28,CUST457,PROD_001,3,300,900,630.0,270.0,2023,7,3
458,2023-11-14,CUST458,PROD_003,4,25,100,70.0,30.0,2023,11,4
459,2023-03-21,CUST459,PROD_002,4,300,1200,840.0,360.0,2023,3,1
460,2023-05-02,CUST460,PROD_001,1,50,50,35.0,15.0,2023,5,2
461,2023-03-25,CUST461,PROD_001,2,500,1000,700.0,300.0,2023,3,1
462,2023-04-01,CUST462,PROD_003,4,300,1200,840.0,360.0,2023,4,2
463,2023-07-31,CUST463,PROD_001,3,500,1500,1050.0,450.0,2023,7,3
464,2023-01-13,CUST464,PROD_003,2,300,600,420.0,180.0,2023,1,1
465,2023-04-02,CUST465,PROD_003,3,50,150,105.0,45.0,2023,4,2
466,2023-06-20,CUST466,PROD_003,4,25,100,70.0,30.0,2023,6,2
467,2023-07-30,CUST467,PROD_003,3,50,150,105.0,45.0,2023,7,3
468,2023-12-09,CUST468,PROD_003,1,25,25,17.5,7.5,2023,12,4
469,2023-05-08,CUST469,PROD_001,3,25,75,52.5,22.5,2023,5,2
470,2023-05-17,CUST470,PROD_002,2,500,1000,700.0,300.0,2023,5,2
471,2023-03-23,CUST471,PROD_002,3,50,150,105.0,45.0,2023,3,1
472,2023-12-26,CUST472,PROD_001,3,300,900,630.0,270.0,2023,12,4
473,2023-02-25,CUST473,PROD_001,1,50,50,35.0,15.0,2023,2,1
474,2023-07-15,CUST474,PROD_002,3,500,1500,1050.0,450.0,2023,7,3
475,2023-01-20,CUST475,PROD_002,3,25,75,52.5,22.5,2023,1,1
476,2023-08-29,CUST476,PROD_002,4,500,2000,1400.0,600.0,2023,8,3
477,2023-04-24,CUST477,PROD_002,4,30,120,84.0,36.0,2023,4,2
478,2023-04-13,CUST478,PROD_002,2,30,60,42.0,18.0,2023,4,2
479,2023-08-24,CUST479,PROD_003,4,300,1200,840.0,360.0,2023,8,3
480,2023-06-29,CUST480,PROD_001,4,500,2000,1400.0,600.0,2023,6,2
481,2023-06-06,CUST481,PROD_003,4,300,1200,840.0,360.0,2023,6,2
482,2023-04-27,CUST482,PROD_002,4,300,1200,840.0,360.0,2023,4,2
483,2023-04-25,CUST483,PROD_002,1,30,30,21.0,9.0,2023,4,2
484,2023-01-13,CUST484,PROD_002,4,300,1200,840.0,360.0,2023,1,1
485,2023-12-04,CUST485,PROD_003,1,30,30,21.0,9.0,2023,12,4
486,2023-04-09,CUST486,PROD_003,1,25,25,17.5,7.5,2023,4,2
487,2023-07-24,CUST487,PROD_002,4,500,2000,1400.0,600.0,2023,7,3
488,2023-06-18,CUST488,PROD_003,3,300,900,630.0,270.0,2023,6,2
489,2023-05-23,CUST489,PROD_003,1,30,30,21.0,9.0,2023,5,2
490,2023-02-05,CUST490,PROD_002,3,50,150,105.0,45.0,2023,2,1
491,2023-05-23,CUST491,PROD_003,3,300,900,630.0,270.0,2023,5,2
492,2023-06-29,CUST492,PROD_001,4,25,100,70.0,30.0,2023,6,2
493,2023-11-25,CUST493,PROD_001,2,25,50,35.0,15.0,2023,11,4
494,2023-09-18,CUST494,PROD_001,4,50,200,140.0,60.0,2023,9,3
495,2023-07-24,CUST495,PROD_001,2,30,60,42.0,18.0,2023,7,3
496,2023-12-14,CUST496,PROD_002,2,300,600,420.0,180.0,2023,12,4
497,2023-10-02,CUST497,PROD_002,4,30,120,84.0,36.0,2023,10,4
498,2023-06-19,CUST498,PROD_002,4,25,100,70.0,30.0,2023,6,2
499,2023-01-15,CUST499,PROD_001,2,30,60,42.0,18.0,2023,1,1
500,2023-03-01,CUST500,PROD_001,4,25,100,70.0,30.0,2023,3,1
501,2023-05-14,CUST501,PROD_003,2,30,60,42.0,18.0,2023,5,2
502,2023-04-02,CUST502,PROD_003,3,50,150,105.0,45.0,2023,4,2
503,2023-10-25,CUST503,PROD_001,4,500,2000,1400.0,600.0,2023,10,4
504,2023-05-16,CUST504,PROD_001,3,50,150,105.0,45.0,2023,5,2
505,2023-01-20,CUST505,PROD_001,1,50,50,35.0,15.0,2023,1,1
506,2023-02-25,CUST506,PROD_001,3,500,1500,1050.0,450.0,2023,2,1
507,2023-11-02,CUST507,PROD_003,3,500,1500,1050.0,450.0,2023,11,4
508,2023-08-11,CUST508,PROD_001,2,300,600,420.0,180.0,2023,8,3
509,2023-06-26,CUST509,PROD_003,3,300,900,630.0,270.0,2023,6,2
510,2023-06-10,CUST510,PROD_001,4,50,200,140.0,60.0,2023,6,2
511,2023-08-12,CUST511,PROD_001,2,50,100,70.0,30.0,2023,8,3
512,2023-11-07,CUST512,PROD_001,1,25,25,17.5,7.5,2023,11,4
513,2023-09-19,CUST513,PROD_003,4,25,100,70.0,30.0,2023,9,3
514,2023-03-01,CUST514,PROD_003,1,300,300,210.0,90.0,2023,3,1
515,2023-07-17,CUST515,PROD_002,3,300,900,630.0,270.0,2023,7,3
516,2023-10-23,CUST516,PROD_001,4,25,100,70.0,30.0,2023,10,4
517,2023-04-08,CUST517,PROD_002,4,25,100,70.0,30.0,2023,4,2
518,2023-05-11,CUST518,PROD_002,1,30,30,21.0,9.0,2023,5,2
519,2023-01-23,CUST519,PROD_003,4,30,120,84.0,36.0,2023,1,1
520,2023-12-29,CUST520,PROD_003,4,25,100,70.0,30.0,2023,12,4
521,2023-08-12,CUST521,PROD_002,4,30,120,84.0,36.0,2023,8,3
522,2023-01-01,CUST522,PROD_001,3,500,1500,1050.0,450.0,2023,1,1
523,2023-09-24,CUST523,PROD_003,1,300,300,210.0,90.0,2023,9,3
524,2023-10-03,CUST524,PROD_001,4,300,1200,840.0,360.0,2023,10,4
525,2023-12-18,CUST525,PROD_001,2,25,50,35.0,15.0,2023,12,4
526,2023-12-10,CUST526,PROD_002,2,50,100,70.0,30.0,2023,12,4
527,2023-04-11,CUST527,PROD_002,2,25,50,35.0,15.0,2023,4,2
528,2023-07-06,CUST528,PROD_002,2,30,60,42.0,18.0,2023,7,3
529,2023-08-09,CUST529,PROD_002,3,50,150,105.0,45.0,2023,8,3
530,2023-02-05,CUST530,PROD_003,4,30,120,84.0,36.0,2023,2,1
531,2023-12-07,CUST531,PROD_003,1,500,500,350.0,150.0,2023,12,4
532,2023-06-19,CUST532,PROD_002,4,30,120,84.0,36.0,2023,6,2
533,2023-11-16,CUST533,PROD_003,3,500,1500,1050.0,450.0,2023,11,4
534,2023-06-10,CUST534,PROD_002,2,500,1000,700.0,300.0,2023,6,2
535,2023-12-06,CUST535,PROD_001,3,30,90,62.99999999999999,27.0,2023,12,4
536,2023-03-05,CUST536,PROD_001,4,30,120,84.0,36.0,2023,3,1
537,2023-06-03,CUST537,PROD_001,1,500,500,350.0,150.0,2023,6,2
538,2023-09-17,CUST538,PROD_002,3,50,150,105.0,45.0,2023,9,3
539,2023-06-08,CUST539,PROD_001,1,500,500,350.0,150.0,2023,6,2
540,2023-12-08,CUST540,PROD_003,3,300,900,630.0,270.0,2023,12,4
541,2023-07-29,CUST541,PROD_001,1,500,500,350.0,150.0,2023,7,3
542,2023-06-17,CUST542,PROD_001,1,50,50,35.0,15.0,2023,6,2
543,2023-07-26,CUST543,PROD_001,2,300,600,420.0,180.0,2023,7,3
544,2023-12-23,CUST544,PROD_003,1,25,25,17.5,7.5,2023,12,4
545,2023-06-01,CUST545,PROD_002,2,25,50,35.0,15.0,2023,6,2
546,2023-10-11,CUST546,PROD_003,4,50,200,140.0,60.0,2023,10,4
547,2023-03-07,CUST547,PROD_002,4,500,2000,1400.0,600.0,2023,3,1
548,2023-04-09,CUST548,PROD_002,2,30,60,42.0,18.0,2023,4,2
549,2023-08-04,CUST549,PROD_001,2,50,100,70.0,30.0,2023,8,3
550,2023-12-07,CUST550,PROD_002,3,300,900,630.0,270.0,2023,12,4
551,2023-07-14,CUST551,PROD_003,3,300,900,630.0,270.0,2023,7,3
552,2023-12-13,CUST552,PROD_003,3,25,75,52.5,22.5,2023,12,4
553,2023-03-31,CUST553,PROD_002,4,300,1200,840.0,360.0,2023,3,1
554,2023-11-12,CUST554,PROD_001,3,50,150,105.0,45.0,2023,11,4
555,2023-10-19,CUST555,PROD_001,1,300,300,210.0,90.0,2023,10,4
556,2023-06-04,CUST556,PROD_003,1,50,50,35.0,15.0,2023,6,2
557,2023-07-27,CUST557,PROD_001,3,30,90,62.99999999999999,27.0,2023,7,3
558,2023-10-08,CUST558,PROD_002,1,25,25,17.5,7.5,2023,10,4
559,2023-01-01,CUST559,PROD_002,4,300,1200,840.0,360.0,2023,1,1
560,2023-06-05,CUST560,PROD_003,1,50,50,35.0,15.0,2023,6,2
561,2023-05-27,CUST561,PROD_002,4,500,2000,1400.0,600.0,2023,5,2
562,2023-04-18,CUST562,PROD_003,2,25,50,35.0,15.0,2023,4,2
563,2023-08-09,CUST563,PROD_002,2,30,60,42.0,18.0,2023,8,3
564,2023-10-24,CUST564,PROD_003,2,50,100,70.0,30.0,2023,10,4
565,2023-11-07,CUST565,PROD_001,2,30,60,42.0,18.0,2023,11,4
566,2023-12-02,CUST566,PROD_002,1,30,30,21.0,9.0,2023,12,4
567,2023-06-14,CUST567,PROD_002,3,300,900,630.0,270.0,2023,6,2
568,2023-08-27,CUST568,PROD_003,1,300,300,210.0,90.0,2023,8,3
569,2023-08-15,CUST569,PROD_003,4,50,200,140.0,60.0,2023,8,3
570,2023-08-15,CUST570,PROD_002,1,500,500,350.0,150.0,2023,8,3
571,2023-12-12,CUST571,PROD_003,1,50,50,35.0,15.0,2023,12,4
572,2023-04-20,CUST572,PROD_002,4,500,2000,1400.0,600.0,2023,4,2
573,2023-09-19,CUST573,PROD_001,2,30,60,42.0,18.0,2023,9,3
574,2023-08-31,CUST574,PROD_003,2,25,50,35.0,15.0,2023,8,3
575,2023-03-28,CUST575,PROD_002,2,50,100,70.0,30.0,2023,3,1
576,2023-12-04,CUST576,PROD_001,3,50,150,105.0,45.0,2023,12,4
577,2023-02-13,CUST577,PROD_001,4,500,2000,1400.0,600.0,2023,2,1
578,2023-05-26,CUST578,PROD_002,4,30,120,84.0,36.0,2023,5,2
579,2023-09-21,CUST579,PROD_003,1,30,30,21.0,9.0,2023,9,3
580,2023-12-06,CUST580,PROD_002,3,500,1500,1050.0,450.0,2023,12,4
581,2023-11-21,CUST581,PROD_001,2,30,60,42.0,18.0,2023,11,4
582,2023-11-14,CUST582,PROD_002,3,300,900,630.0,270.0,2023,11,4
583,2023-06-21,CUST583,PROD_003,4,25,100,70.0,30.0,2023,6,2
584,2023-02-17,CUST584,PROD_001,4,50,200,140.0,60.0,2023,2,1
585,2023-05-01,CUST585,PROD_002,1,25,25,17.5,7.5,2023,5,2
586,2023-12-11,CUST586,PROD_003,1,50,50,35.0,15.0,2023,12,4
587,2023-06-08,CUST587,PROD_001,4,300,1200,840.0,360.0,2023,6,2
588,2023-04-26,CUST588,PROD_003,2,30,60,42.0,18.0,2023,4,2
589,2023-04-12,CUST589,PROD_001,2,500,1000,700.0,300.0,2023,4,2
590,2023-03-17,CUST590,PROD_002,3,300,900,630.0,270.0,2023,3,1
591,2023-01-13,CUST591,PROD_003,4,25,100,70.0,30.0,2023,1,1
592,2023-01-24,CUST592,PROD_001,4,500,2000,1400.0,600.0,2023,1,1
593,2023-05-06,CUST593,PROD_003,2,30,60,42.0,18.0,2023,5,2
594,2023-09-01,CUST594,PROD_003,2,300,600,420.0,180.0,2023,9,3
595,2023-11-09,CUST595,PROD_002,4,500,2000,1400.0,600.0,2023,11,4
596,2023-02-07,CUST596,PROD_003,1,300,300,210.0,90.0,2023,2,1
597,2023-08-22,CUST597,PROD_001,4,300,1200,840.0,360.0,2023,8,3
598,2023-08-01,CUST598,PROD_001,4,30,120,84.0,36.0,2023,8,3
599,2023-11-19,CUST599,PROD_001,2,50,100,70.0,30.0,2023,11,4
600,2023-10-22,CUST600,PROD_001,2,500,1000,700.0,300.0,2023,10,4
601,2023-04-10,CUST601,PROD_002,1,30,30,21.0,9.0,2023,4,2
602,2023-12-23,CUST602,PROD_003,1,300,300,210.0,90.0,2023,12,4
603,2023-07-16,CUST603,PROD_002,3,30,90,62.99999999999999,27.0,2023,7,3
604,2023-09-11,CUST604,PROD_003,4,50,200,140.0,60.0,2023,9,3
605,2023-07-24,CUST605,PROD_003,2,500,1000,700.0,300.0,2023,7,3
606,2023-05-05,CUST606,PROD_003,1,50,50,35.0,15.0,2023,5,2
607,2023-03-17,CUST607,PROD_002,3,25,75,52.5,22.5,2023,3,1
608,2023-12-02,CUST608,PROD_003,3,500,1500,1050.0,450.0,2023,12,4
609,2023-12-19,CUST609,PROD_002,2,50,100,70.0,30.0,2023,12,4
610,2023-01-03,CUST610,PROD_001,2,300,600,420.0,180.0,2023,1,1
611,2023-02-24,CUST611,PROD_001,3,500,1500,1050.0,450.0,2023,2,1
612,2023-08-06,CUST612,PROD_003,1,500,500,350.0,150.0,2023,8,3
613,2023-04-23,CUST613,PROD_002,3,30,90,62.99999999999999,27.0,2023,4,2
614,2023-04-01,CUST614,PROD_001,4,300,1200,840.0,360.0,2023,4,2
615,2023-12-23,CUST615,PROD_002,4,25,100,70.0,30.0,2023,12,4
616,2023-09-23,CUST616,PROD_002,2,50,100,70.0,30.0,2023,9,3
617,2023-08-26,CUST617,PROD_003,1,30,30,21.0,9.0,2023,8,3
618,2023-01-26,CUST618,PROD_001,1,50,50,35.0,15.0,2023,1,1
619,2023-10-13,CUST619,PROD_003,4,25,100,70.0,30.0,2023,10,4
620,2023-05-08,CUST620,PROD_003,3,25,75,52.5,22.5,2023,5,2
621,2023-03-04,CUST621,PROD_001,2,500,1000,700.0,300.0,2023,3,1
622,2023-08-22,CUST622,PROD_001,3,25,75,52.5,22.5,2023,8,3
623,2023-03-10,CUST623,PROD_002,3,50,150,105.0,45.0,2023,3,1
624,2023-08-26,CUST624,PROD_001,3,300,900,630.0,270.0,2023,8,3
625,2023-12-08,CUST625,PROD_002,1,300,300,210.0,90.0,2023,12,4
626,2023-09-29,CUST626,PROD_002,4,500,2000,1400.0,600.0,2023,9,3
627,2023-10-14,CUST627,PROD_002,1,50,50,35.0,15.0,2023,10,4
628,2023-11-01,CUST628,PROD_001,4,50,200,140.0,60.0,2023,11,4
629,2023-06-12,CUST629,PROD_003,2,25,50,35.0,15.0,2023,6,2
630,2023-08-15,CUST630,PROD_002,2,50,100,70.0,30.0,2023,8,3
631,2023-11-10,CUST631,PROD_003,3,30,90,62.99999999999999,27.0,2023,11,4
632,2023-09-16,CUST632,PROD_003,4,25,100,70.0,30.0,2023,9,3
633,2023-08-07,CUST633,PROD_001,4,30,120,84.0,36.0,2023,8,3
634,2023-10-08,CUST634,PROD_003,4,500,2000,1400.0,600.0,2023,10,4
635,2023-08-17,CUST635,PROD_003,3,300,900,630.0,270.0,2023,8,3
636,2023-03-23,CUST636,PROD_001,3,500,1500,1050.0,450.0,2023,3,1
637,2023-09-01,CUST637,PROD_002,2,300,600,420.0,180.0,2023,9,3
638,2023-08-19,CUST638,PROD_003,1,500,500,350.0,150.0,2023,8,3
639,2023-05-13,CUST639,PROD_001,4,50,200,140.0,60.0,2023,5,2
640,2023-05-07,CUST640,PROD_003,4,30,120,84.0,36.0,2023,5,2
641,2023-11-23,CUST641,PROD_003,1,300,300,210.0,90.0,2023,11,4
642,2023-05-22,CUST642,PROD_002,4,25,100,70.0,30.0,2023,5,2
643,2023-09-24,CUST643,PROD_003,3,30,90,62.99999999999999,27.0,2023,9,3
644,2023-09-06,CUST644,PROD_001,3,25,75,52.5,22.5,2023,9,3
645,2023-11-17,CUST645,PROD_003,4,30,120,84.0,36.0,2023,11,4
646,2023-05-03,CUST646,PROD_002,3,30,90,62.99999999999999,27.0,2023,5,2
647,2023-05-21,CUST647,PROD_002,3,500,1500,1050.0,450.0,2023,5,2
648,2023-08-14,CUST648,PROD_001,4,300,1200,840.0,360.0,2023,8,3
649,2023-02-09,CUST649,PROD_002,2,300,600,420.0,180.0,2023,2,1
650,2024-01-01,CUST650,PROD_003,1,30,30,21.0,9.0,2024,1,1
651,2023-05-27,CUST651,PROD_002,3,50,150,105.0,45.0,2023,5,2
652,2023-05-01,CUST652,PROD_001,2,50,100,70.0,30.0,2023,5,2
653,2023-05-20,CUST653,PROD_002,3,25,75,52.5,22.5,2023,5,2
654,2023-06-21,CUST654,PROD_002,3,25,75,52.5,22.5,2023,6,2
655,2023-06-13,CUST655,PROD_002,1,500,500,350.0,150.0,2023,6,2
656,2023-10-04,CUST656,PROD_001,3,30,90,62.99999999999999,27.0,2023,10,4
657,2023-02-11,CUST657,PROD_002,1,25,25,17.5,7.5,2023,2,1
658,2023-03-12,CUST658,PROD_002,1,25,25,17.5,7.5,2023,3,1
659,2023-03-19,CUST659,PROD_003,1,30,30,21.0,9.0,2023,3,1
660,2023-04-29,CUST660,PROD_001,2,500,1000,700.0,300.0,2023,4,2
661,2023-07-16,CUST661,PROD_002,4,25,100,70.0,30.0,2023,7,3
662,2023-12-22,CUST662,PROD_001,2,500,1000,700.0,300.0,2023,12,4
663,2023-03-20,CUST663,PROD_002,4,300,1200,840.0,360.0,2023,3,1
664,2023-12-28,CUST664,PROD_002,4,500,2000,1400.0,600.0,2023,12,4
665,2023-04-20,CUST665,PROD_002,1,50,50,35.0,15.0,2023,4,2
666,2023-02-02,CUST666,PROD_003,3,50,150,105.0,45.0,2023,2,1
667,2023-08-01,CUST667,PROD_003,1,500,500,350.0,150.0,2023,8,3
668,2023-07-28,CUST668,PROD_003,3,50,150,105.0,45.0,2023,7,3
669,2023-06-19,CUST669,PROD_001,4,300,1200,840.0,360.0,2023,6,2
670,2023-10-05,CUST670,PROD_001,1,30,30,21.0,9.0,2023,10,4
671,2023-08-27,CUST671,PROD_003,3,50,150,105.0,45.0,2023,8,3
672,2023-08-01,CUST672,PROD_001,2,50,100,70.0,30.0,2023,8,3
673,2023-02-01,CUST673,PROD_002,3,500,1500,1050.0,450.0,2023,2,1
674,2023-04-16,CUST674,PROD_002,1,300,300,210.0,90.0,2023,4,2
675,2023-08-04,CUST675,PROD_002,2,30,60,42.0,18.0,2023,8,3
676,2023-07-19,CUST676,PROD_003,3,500,1500,1050.0,450.0,2023,7,3
677,2023-10-27,CUST677,PROD_001,3,500,1500,1050.0,450.0,2023,10,4
678,2023-12-23,CUST678,PROD_003,3,300,900,630.0,270.0,2023,12,4
679,2023-01-11,CUST679,PROD_001,3,30,90,62.99999999999999,27.0,2023,1,1
680,2023-10-22,CUST680,PROD_002,3,300,900,630.0,270.0,2023,10,4
681,2023-07-14,CUST681,PROD_003,2,30,60,42.0,18.0,2023,7,3
682,2023-09-02,CUST682,PROD_001,4,300,1200,840.0,360.0,2023,9,3
683,2023-01-04,CUST683,PROD_001,2,500,1000,700.0,300.0,2023,1,1
684,2023-06-30,CUST684,PROD_002,2,500,1000,700.0,300.0,2023,6,2
685,2023-06-02,CUST685,PROD_003,2,25,50,35.0,15.0,2023,6,2
686,2023-07-19,CUST686,PROD_003,4,50,200,140.0,60.0,2023,7,3
687,2023-08-03,CUST687,PROD_003,1,300,300,210.0,90.0,2023,8,3
688,2023-10-03,CUST688,PROD_002,4,25,100,70.0,30.0,2023,10,4
689,2023-10-07,CUST689,PROD_003,2,50,100,70.0,30.0,2023,10,4
690,2023-11-05,CUST690,PROD_002,3,300,900,630.0,270.0,2023,11,4
691,2023-04-23,CUST691,PROD_002,3,30,90,62.99999999999999,27.0,2023,4,2
692,2023-09-07,CUST692,PROD_002,2,50,100,70.0,30.0,2023,9,3
693,2023-04-23,CUST693,PROD_001,3,500,1500,1050.0,450.0,2023,4,2
694,2023-05-20,CUST694,PROD_003,2,25,50,35.0,15.0,2023,5,2
695,2023-08-12,CUST695,PROD_003,3,50,150,105.0,45.0,2023,8,3
696,2023-09-06,CUST696,PROD_002,4,50,200,140.0,60.0,2023,9,3
697,2023-01-15,CUST697,PROD_002,1,500,500,350.0,150.0,2023,1,1
698,2023-07-19,CUST698,PROD_003,1,300,300,210.0,90.0,2023,7,3
699,2023-06-22,CUST699,PROD_002,4,30,120,84.0,36.0,2023,6,2
700,2023-12-09,CUST700,PROD_003,4,500,2000,1400.0,600.0,2023,12,4
701,2023-12-14,CUST701,PROD_001,2,30,60,42.0,18.0,2023,12,4
702,2023-07-27,CUST702,PROD_002,2,300,600,420.0,180.0,2023,7,3
703,2023-03-26,CUST703,PROD_003,2,50,100,70.0,30.0,2023,3,1
704,2023-08-28,CUST704,PROD_002,3,30,90,62.99999999999999,27.0,2023,8,3
705,2023-03-07,CUST705,PROD_003,2,25,50,35.0,15.0,2023,3,1
706,2023-11-15,CUST706,PROD_003,4,25,100,70.0,30.0,2023,11,4
707,2023-10-01,CUST707,PROD_002,1,500,500,350.0,150.0,2023,10,4
708,2023-01-14,CUST708,PROD_001,3,300,900,630.0,270.0,2023,1,1
709,2023-07-21,CUST709,PROD_003,2,500,1000,700.0,300.0,2023,7,3
710,2023-10-31,CUST710,PROD_003,3,500,1500,1050.0,450.0,2023,10,4
711,2023-10-16,CUST711,PROD_003,3,500,1500,1050.0,450.0,2023,10,4
712,2023-12-06,CUST712,PROD_001,2,25,50,35.0,15.0,2023,12,4
713,2023-01-14,CUST713,PROD_001,3,25,75,52.5,22.5,2023,1,1
714,2023-02-12,CUST714,PROD_002,1,500,500,350.0,150.0,2023,2,1
715,2023-11-26,CUST715,PROD_001,4,25,100,70.0,30.0,2023,11,4
716,2023-08-08,CUST716,PROD_002,4,300,1200,840.0,360.0,2023,8,3
717,2023-03-11,CUST717,PROD_002,1,500,500,350.0,150.0,2023,3,1
718,2023-08-25,CUST718,PROD_001,3,25,75,52.5,22.5,2023,8,3
719,2023-04-04,CUST719,PROD_002,2,30,60,42.0,18.0,2023,4,2
720,2023-01-26,CUST720,PROD_001,3,500,1500,1050.0,450.0,2023,1,1
721,2023-05-14,CUST721,PROD_002,1,500,500,350.0,150.0,2023,5,2
722,2023-07-14,CUST722,PROD_001,3,300,900,630.0,270.0,2023,7,3
723,2023-06-17,CUST723,PROD_001,4,50,200,140.0,60.0,2023,6,2
724,2023-04-19,CUST724,PROD_002,3,50,150,105.0,45.0,2023,4,2
725,2023-08-21,CUST725,PROD_003,1,300,300,210.0,90.0,2023,8,3
726,2023-06-17,CUST726,PROD_002,4,300,1200,840.0,360.0,2023,6,2
727,2023-06-22,CUST727,PROD_001,3,300,900,630.0,270.0,2023,6,2
728,2023-07-14,CUST728,PROD_003,3,50,150,105.0,45.0,2023,7,3
729,2023-05-23,CUST729,PROD_002,4,300,1200,840.0,360.0,2023,5,2
730,2023-08-04,CUST730,PROD_002,2,25,50,35.0,15.0,2023,8,3
731,2023-05-10,CUST731,PROD_002,4,500,2000,1400.0,600.0,2023,5,2
732,2023-02-11,CUST732,PROD_003,2,500,1000,700.0,300.0,2023,2,1
733,2023-08-29,CUST733,PROD_001,1,30,30,21.0,9.0,2023,8,3
734,2023-01-10,CUST734,PROD_002,1,30,30,21.0,9.0,2023,1,1
735,2023-10-04,CUST735,PROD_002,4,500,2000,1400.0,600.0,2023,10,4
736,2023-01-27,CUST736,PROD_002,4,25,100,70.0,30.0,2023,1,1
737,2023-06-29,CUST737,PROD_002,1,50,50,35.0,15.0,2023,6,2
738,2023-04-25,CUST738,PROD_002,2,50,100,70.0,30.0,2023,4,2
739,2023-11-29,CUST739,PROD_001,1,25,25,17.5,7.5,2023,11,4
740,2023-02-05,CUST740,PROD_001,4,50,200,140.0,60.0,2023,2,1
741,2023-11-30,CUST741,PROD_002,1,300,300,210.0,90.0,2023,11,4
742,2023-01-21,CUST742,PROD_003,4,500,2000,1400.0,600.0,2023,1,1
743,2023-01-16,CUST743,PROD_001,4,500,2000,1400.0,600.0,2023,1,1
744,2023-05-07,CUST744,PROD_003,1,25,25,17.5,7.5,2023,5,2
745,2023-04-13,CUST745,PROD_001,2,50,100,70.0,30.0,2023,4,2
746,2023-01-11,CUST746,PROD_002,3,30,90,62.99999999999999,27.0,2023,1,1
747,2023-11-15,CUST747,PROD_001,1,30,30,21.0,9.0,2023,11,4
748,2023-03-20,CUST748,PROD_002,3,50,150,105.0,45.0,2023,3,1
749,2023-05-03,CUST749,PROD_001,1,30,30,21.0,9.0,2023,5,2
750,2023-03-06,CUST750,PROD_002,3,25,75,52.5,22.5,2023,3,1
751,2023-08-31,CUST751,PROD_002,2,25,50,35.0,15.0,2023,8,3
752,2023-12-09,CUST752,PROD_002,2,50,100,70.0,30.0,2023,12,4
753,2023-02-28,CUST753,PROD_002,1,30,30,21.0,9.0,2023,2,1
754,2023-10-16,CUST754,PROD_003,4,25,100,70.0,30.0,2023,10,4
755,2023-04-22,CUST755,PROD_002,3,25,75,52.5,22.5,2023,4,2
756,2023-08-27,CUST756,PROD_003,4,300,1200,840.0,360.0,2023,8,3
757,2023-12-25,CUST757,PROD_003,4,300,1200,840.0,360.0,2023,12,4
758,2023-05-12,CUST758,PROD_002,4,25,100,70.0,30.0,2023,5,2
759,2023-07-08,CUST759,PROD_003,2,50,100,70.0,30.0,2023,7,3
760,2023-03-27,CUST760,PROD_001,1,500,500,350.0,150.0,2023,3,1
761,2023-11-07,CUST761,PROD_002,1,500,500,350.0,150.0,2023,11,4
762,2023-11-07,CUST762,PROD_003,2,25,50,35.0,15.0,2023,11,4
763,2023-02-28,CUST763,PROD_002,2,25,50,35.0,15.0,2023,2,1
764,2023-03-25,CUST764,PROD_002,1,25,25,17.5,7.5,2023,3,1
765,2023-06-09,CUST765,PROD_002,4,50,200,140.0,60.0,2023,6,2
766,2023-02-25,CUST766,PROD_003,3,300,900,630.0,270.0,2023,2,1
767,2023-10-24,CUST767,PROD_001,3,25,75,52.5,22.5,2023,10,4
768,2023-01-14,CUST768,PROD_001,3,25,75,52.5,22.5,2023,1,1
769,2023-06-09,CUST769,PROD_003,4,30,120,84.0,36.0,2023,6,2
770,2023-10-22,CUST770,PROD_002,1,50,50,35.0,15.0,2023,10,4
771,2023-12-13,CUST771,PROD_003,2,25,50,35.0,15.0,2023,12,4
772,2023-07-12,CUST772,PROD_003,1,30,30,21.0,9.0,2023,7,3
773,2023-07-23,CUST773,PROD_003,4,500,2000,1400.0,600.0,2023,7,3
774,2023-04-12,CUST774,PROD_002,2,25,50,35.0,15.0,2023,4,2
775,2023-02-08,CUST775,PROD_003,4,25,100,70.0,30.0,2023,2,1
776,2023-10-31,CUST776,PROD_002,3,30,90,62.99999999999999,27.0,2023,10,4
777,2023-12-20,CUST777,PROD_003,3,50,150,105.0,45.0,2023,12,4
778,2023-11-18,CUST778,PROD_001,4,25,100,70.0,30.0,2023,11,4
779,2023-05-05,CUST779,PROD_003,2,500,1000,700.0,300.0,2023,5,2
780,2023-02-22,CUST780,PROD_003,2,25,50,35.0,15.0,2023,2,1
781,2023-12-23,CUST781,PROD_001,1,500,500,350.0,150.0,2023,12,4
782,2023-06-04,CUST782,PROD_002,3,300,900,630.0,270.0,2023,6,2
783,2023-12-17,CUST783,PROD_002,1,300,300,210.0,90.0,2023,12,4
784,2023-11-04,CUST784,PROD_003,1,500,500,350.0,150.0,2023,11,4
785,2023-03-03,CUST785,PROD_001,4,50,200,140.0,60.0,2023,3,1
786,2023-10-17,CUST786,PROD_002,4,25,100,70.0,30.0,2023,10,4
787,2023-01-22,CUST787,PROD_003,1,25,25,17.5,7.5,2023,1,1
788,2023-06-27,CUST788,PROD_001,3,300,900,630.0,270.0,2023,6,2
789,2023-09-30,CUST789,PROD_002,4,500,2000,1400.0,600.0,2023,9,3
790,2023-08-08,CUST790,PROD_002,1,25,25,17.5,7.5,2023,8,3
791,2023-12-05,CUST791,PROD_001,1,25,25,17.5,7.5,2023,12,4
792,2023-07-09,CUST792,PROD_001,1,50,50,35.0,15.0,2023,7,3
793,2023-02-05,CUST793,PROD_001,1,30,30,21.0,9.0,2023,2,1
794,2023-09-17,CUST794,PROD_001,1,300,300,210.0,90.0,2023,9,3
795,2023-11-28,CUST795,PROD_003,1,300,300,210.0,90.0,2023,11,4
796,2023-06-24,CUST796,PROD_001,4,30,120,84.0,36.0,2023,6,2
797,2023-01-07,CUST797,PROD_002,3,25,75,52.5,22.5,2023,1,1
798,2023-08-04,CUST798,PROD_002,1,50,50,35.0,15.0,2023,8,3
799,2023-09-08,CUST799,PROD_003,2,50,100,70.0,30.0,2023,9,3
800,2023-02-24,CUST800,PROD_002,4,300,1200,840.0,360.0,2023,2,1
801,2023-08-10,CUST801,PROD_002,4,50,200,140.0,60.0,2023,8,3
802,2023-07-05,CUST802,PROD_001,1,30,30,21.0,9.0,2023,7,3
803,2023-11-22,CUST803,PROD_002,4,25,100,70.0,30.0,2023,11,4
804,2023-08-24,CUST804,PROD_003,1,30,30,21.0,9.0,2023,8,3
805,2023-12-29,CUST805,PROD_001,3,500,1500,1050.0,450.0,2023,12,4
806,2023-03-20,CUST806,PROD_001,3,300,900,630.0,270.0,2023,3,1
807,2023-08-11,CUST807,PROD_003,4,50,200,140.0,60.0,2023,8,3
808,2023-04-01,CUST808,PROD_001,4,500,2000,1400.0,600.0,2023,4,2
809,2023-09-25,CUST809,PROD_001,2,50,100,70.0,30.0,2023,9,3
810,2023-11-30,CUST810,PROD_003,4,25,100,70.0,30.0,2023,11,4
811,2023-05-19,CUST811,PROD_001,2,25,50,35.0,15.0,2023,5,2
812,2023-11-12,CUST812,PROD_003,3,25,75,52.5,22.5,2023,11,4
813,2023-10-03,CUST813,PROD_003,3,50,150,105.0,45.0,2023,10,4
814,2023-09-05,CUST814,PROD_002,1,500,500,350.0,150.0,2023,9,3
815,2023-08-27,CUST815,PROD_002,3,25,75,52.5,22.5,2023,8,3
816,2023-08-12,CUST816,PROD_001,2,500,1000,700.0,300.0,2023,8,3
817,2023-10-31,CUST817,PROD_001,4,50,200,140.0,60.0,2023,10,4
818,2023-05-18,CUST818,PROD_003,1,500,500,350.0,150.0,2023,5,2
819,2023-06-15,CUST819,PROD_001,2,50,100,70.0,30.0,2023,6,2
820,2023-05-06,CUST820,PROD_003,4,50,200,140.0,60.0,2023,5,2
821,2023-02-14,CUST821,PROD_003,1,300,300,210.0,90.0,2023,2,1
822,2023-05-23,CUST822,PROD_001,3,50,150,105.0,45.0,2023,5,2
823,2023-08-19,CUST823,PROD_003,2,50,100,70.0,30.0,2023,8,3
824,2023-05-05,CUST824,PROD_002,4,30,120,84.0,36.0,2023,5,2
825,2023-08-26,CUST825,PROD_001,1,25,25,17.5,7.5,2023,8,3
826,2023-10-19,CUST826,PROD_002,1,300,300,210.0,90.0,2023,10,4
827,2023-11-09,CUST827,PROD_001,3,300,900,630.0,270.0,2023,11,4
828,2023-12-09,CUST828,PROD_003,4,300,1200,840.0,360.0,2023,12,4
829,2023-07-14,CUST829,PROD_001,3,30,90,62.99999999999999,27.0,2023,7,3
830,2023-06-22,CUST830,PROD_002,3,50,150,105.0,45.0,2023,6,2
831,2023-01-15,CUST831,PROD_003,4,25,100,70.0,30.0,2023,1,1
832,2023-09-11,CUST832,PROD_001,4,500,2000,1400.0,600.0,2023,9,3
833,2023-06-16,CUST833,PROD_001,4,50,200,140.0,60.0,2023,6,2
834,2023-04-04,CUST834,PROD_001,2,30,60,42.0,18.0,2023,4,2
835,2023-09-07,CUST835,PROD_002,4,50,200,140.0,60.0,2023,9,3
836,2023-04-19,CUST836,PROD_002,1,50,50,35.0,15.0,2023,4,2
837,2023-07-01,CUST837,PROD_001,3,30,90,62.99999999999999,27.0,2023,7,3
838,2023-05-13,CUST838,PROD_003,2,300,600,420.0,180.0,2023,5,2
839,2023-06-24,CUST839,PROD_003,4,300,1200,840.0,360.0,2023,6,2
840,2023-05-24,CUST840,PROD_002,2,25,50,35.0,15.0,2023,5,2
841,2023-11-02,CUST841,PROD_003,4,25,100,70.0,30.0,2023,11,4
842,2023-12-26,CUST842,PROD_002,2,300,600,420.0,180.0,2023,12,4
843,2023-05-22,CUST843,PROD_001,3,500,1500,1050.0,450.0,2023,5,2
844,2023-10-12,CUST844,PROD_002,3,50,150,105.0,45.0,2023,10,4
845,2023-01-06,CUST845,PROD_002,1,500,500,350.0,150.0,2023,1,1
846,2023-09-22,CUST846,PROD_001,1,50,50,35.0,15.0,2023,9,3
847,2023-04-08,CUST847,PROD_003,4,300,1200,840.0,360.0,2023,4,2
848,2023-02-13,CUST848,PROD_002,3,25,75,52.5,22.5,2023,2,1
849,2023-05-04,CUST849,PROD_002,2,25,50,35.0,15.0,2023,5,2
850,2023-07-28,CUST850,PROD_001,2,500,1000,700.0,300.0,2023,7,3
851,2023-09-08,CUST851,PROD_003,2,25,50,35.0,15.0,2023,9,3
852,2023-10-12,CUST852,PROD_002,1,300,300,210.0,90.0,2023,10,4
853,2023-05-04,CUST853,PROD_001,2,500,1000,700.0,300.0,2023,5,2
854,2023-12-20,CUST854,PROD_002,1,50,50,35.0,15.0,2023,12,4
855,2023-09-01,CUST855,PROD_001,1,25,25,17.5,7.5,2023,9,3
856,2023-11-27,CUST856,PROD_003,4,30,120,84.0,36.0,2023,11,4
857,2023-12-31,CUST857,PROD_003,2,25,50,35.0,15.0,2023,12,4
858,2023-09-09,CUST858,PROD_003,2,50,100,70.0,30.0,2023,9,3
859,2023-08-18,CUST859,PROD_003,3,500,1500,1050.0,450.0,2023,8,3
860,2023-01-09,CUST860,PROD_002,4,50,200,140.0,60.0,2023,1,1
861,2023-02-17,CUST861,PROD_002,3,30,90,62.99999999999999,27.0,2023,2,1
862,2023-05-31,CUST862,PROD_003,4,300,1200,840.0,360.0,2023,5,2
863,2023-04-24,CUST863,PROD_003,2,25,50,35.0,15.0,2023,4,2
864,2023-07-27,CUST864,PROD_003,1,500,500,350.0,150.0,2023,7,3
865,2023-12-21,CUST865,PROD_002,1,300,300,210.0,90.0,2023,12,4
866,2023-05-05,CUST866,PROD_003,1,50,50,35.0,15.0,2023,5,2
867,2023-06-06,CUST867,PROD_003,1,500,500,350.0,150.0,2023,6,2
868,2023-12-06,CUST868,PROD_003,1,300,300,210.0,90.0,2023,12,4
869,2023-10-25,CUST869,PROD_001,3,500,1500,1050.0,450.0,2023,10,4
870,2023-07-08,CUST870,PROD_003,4,30,120,84.0,36.0,2023,7,3
871,2023-08-31,CUST871,PROD_001,2,30,60,42.0,18.0,2023,8,3
872,2023-10-11,CUST872,PROD_001,3,25,75,52.5,22.5,2023,10,4
873,2023-09-29,CUST873,PROD_003,4,25,100,70.0,30.0,2023,9,3
874,2023-06-26,CUST874,PROD_001,1,30,30,21.0,9.0,2023,6,2
875,2023-08-06,CUST875,PROD_003,4,500,2000,1400.0,600.0,2023,8,3
876,2023-10-09,CUST876,PROD_002,4,30,120,84.0,36.0,2023,10,4
877,2023-06-19,CUST877,PROD_002,1,25,25,17.5,7.5,2023,6,2
878,2023-06-30,CUST878,PROD_002,1,30,30,21.0,9.0,2023,6,2
879,2023-12-26,CUST879,PROD_002,1,30,30,21.0,9.0,2023,12,4
880,2023-08-21,CUST880,PROD_001,2,500,1000,700.0,300.0,2023,8,3
881,2023-05-19,CUST881,PROD_003,1,300,300,210.0,90.0,2023,5,2
882,2023-06-06,CUST882,PROD_003,2,25,50,35.0,15.0,2023,6,2
883,2023-05-09,CUST883,PROD_003,1,500,500,350.0,150.0,2023,5,2
884,2023-04-29,CUST884,PROD_002,2,30,60,42.0,18.0,2023,4,2
885,2023-03-03,CUST885,PROD_002,4,30,120,84.0,36.0,2023,3,1
886,2023-04-09,CUST886,PROD_003,3,300,900,630.0,270.0,2023,4,2
887,2023-06-11,CUST887,PROD_002,4,25,100,70.0,30.0,2023,6,2
888,2023-03-03,CUST888,PROD_003,4,25,100,70.0,30.0,2023,3,1
889,2023-10-02,CUST889,PROD_003,1,50,50,35.0,15.0,2023,10,4
890,2023-12-20,CUST890,PROD_003,2,25,50,35.0,15.0,2023,12,4
891,2023-04-05,CUST891,PROD_003,3,300,900,630.0,270.0,2023,4,2
892,2023-04-09,CUST892,PROD_003,1,50,50,35.0,15.0,2023,4,2
893,2023-04-21,CUST893,PROD_003,1,50,50,35.0,15.0,2023,4,2
894,2023-09-05,CUST894,PROD_003,1,30,30,21.0,9.0,2023,9,3
895,2023-05-22,CUST895,PROD_002,4,30,120,84.0,36.0,2023,5,2
896,2023-10-29,CUST896,PROD_003,2,25,50,35.0,15.0,2023,10,4
897,2023-09-26,CUST897,PROD_003,2,50,100,70.0,30.0,2023,9,3
898,2023-11-02,CUST898,PROD_002,3,30,90,62.99999999999999,27.0,2023,11,4
899,2023-05-25,CUST899,PROD_002,2,300,600,420.0,180.0,2023,5,2
900,2023-02-21,CUST900,PROD_002,2,30,60,42.0,18.0,2023,2,1
901,2023-04-10,CUST901,PROD_003,1,30,30,21.0,9.0,2023,4,2
902,2023-06-01,CUST902,PROD_001,1,50,50,35.0,15.0,2023,6,2
903,2023-04-27,CUST903,PROD_001,4,50,200,140.0,60.0,2023,4,2
904,2023-07-04,CUST904,PROD_002,1,500,500,350.0,150.0,2023,7,3
905,2023-04-02,CUST905,PROD_001,1,300,300,210.0,90.0,2023,4,2
906,2023-06-04,CUST906,PROD_002,1,50,50,35.0,15.0,2023,6,2
907,2023-01-08,CUST907,PROD_003,1,25,25,17.5,7.5,2023,1,1
908,2023-12-29,CUST908,PROD_001,4,300,1200,840.0,360.0,2023,12,4
909,2023-10-01,CUST909,PROD_003,1,300,300,210.0,90.0,2023,10,4
910,2023-03-06,CUST910,PROD_001,3,50,150,105.0,45.0,2023,3,1
911,2023-05-21,CUST911,PROD_003,3,300,900,630.0,270.0,2023,5,2
912,2023-01-24,CUST912,PROD_001,3,50,150,105.0,45.0,2023,1,1
913,2023-01-28,CUST913,PROD_003,3,30,90,62.99999999999999,27.0,2023,1,1
914,2023-10-11,CUST914,PROD_003,1,500,500,350.0,150.0,2023,10,4
915,2023-05-30,CUST915,PROD_001,3,30,90,62.99999999999999,27.0,2023,5,2
916,2023-12-24,CUST916,PROD_003,1,50,50,35.0,15.0,2023,12,4
917,2023-03-06,CUST917,PROD_003,4,50,200,140.0,60.0,2023,3,1
918,2023-11-23,CUST918,PROD_003,3,30,90,62.99999999999999,27.0,2023,11,4
919,2023-09-09,CUST919,PROD_001,2,25,50,35.0,15.0,2023,9,3
920,2023-02-22,CUST920,PROD_001,3,25,75,52.5,22.5,2023,2,1
921,2023-01-07,CUST921,PROD_003,3,25,75,52.5,22.5,2023,1,1
922,2023-10-21,CUST922,PROD_003,1,50,50,35.0,15.0,2023,10,4
923,2023-05-26,CUST923,PROD_001,3,300,900,630.0,270.0,2023,5,2
924,2023-08-29,CUST924,PROD_001,2,50,100,70.0,30.0,2023,8,3
925,2023-09-03,CUST925,PROD_003,1,300,300,210.0,90.0,2023,9,3
926,2023-08-14,CUST926,PROD_003,1,30,30,21.0,9.0,2023,8,3
927,2023-06-24,CUST927,PROD_003,4,500,2000,1400.0,600.0,2023,6,2
928,2023-04-05,CUST928,PROD_002,4,300,1200,840.0,360.0,2023,4,2
929,2023-01-27,CUST929,PROD_001,3,25,75,52.5,22.5,2023,1,1
930,2023-05-10,CUST930,PROD_002,4,50,200,140.0,60.0,2023,5,2
931,2023-09-02,CUST931,PROD_001,4,30,120,84.0,36.0,2023,9,3
932,2023-02-28,CUST932,PROD_001,4,25,100,70.0,30.0,2023,2,1
933,2023-02-03,CUST933,PROD_001,1,30,30,21.0,9.0,2023,2,1
934,2023-07-25,CUST934,PROD_001,1,500,500,350.0,150.0,2023,7,3
935,2023-09-09,CUST935,PROD_001,1,50,50,35.0,15.0,2023,9,3
936,2023-02-07,CUST936,PROD_001,4,50,200,140.0,60.0,2023,2,1
937,2023-10-23,CUST937,PROD_001,1,500,500,350.0,150.0,2023,10,4
938,2023-11-19,CUST938,PROD_002,4,50,200,140.0,60.0,2023,11,4
939,2023-12-18,CUST939,PROD_003,1,300,300,210.0,90.0,2023,12,4
940,2023-01-28,CUST940,PROD_003,1,30,30,21.0,9.0,2023,1,1
941,2023-03-19,CUST941,PROD_002,2,25,50,35.0,15.0,2023,3,1
942,2023-03-18,CUST942,PROD_002,3,500,1500,1050.0,450.0,2023,3,1
943,2023-10-16,CUST943,PROD_002,4,300,1200,840.0,360.0,2023,10,4
944,2023-06-05,CUST944,PROD_002,2,25,50,35.0,15.0,2023,6,2
945,2023-02-13,CUST945,PROD_001,1,25,25,17.5,7.5,2023,2,1
946,2023-05-08,CUST946,PROD_003,4,500,2000,1400.0,600.0,2023,5,2
947,2023-03-02,CUST947,PROD_001,1,300,300,210.0,90.0,2023,3,1
948,2023-10-13,CUST948,PROD_003,3,25,75,52.5,22.5,2023,10,4
949,2023-08-02,CUST949,PROD_003,2,25,50,35.0,15.0,2023,8,3
950,2023-11-07,CUST950,PROD_002,3,300,900,630.0,270.0,2023,11,4
951,2023-11-02,CUST951,PROD_001,2,50,100,70.0,30.0,2023,11,4
952,2023-11-13,CUST952,PROD_002,1,25,25,17.5,7.5,2023,11,4
953,2023-04-26,CUST953,PROD_001,3,30,90,62.99999999999999,27.0,2023,4,2
954,2023-09-25,CUST954,PROD_003,3,300,900,630.0,270.0,2023,9,3
955,2023-07-14,CUST955,PROD_002,1,25,25,17.5,7.5,2023,7,3
956,2023-08-19,CUST956,PROD_002,3,500,1500,1050.0,450.0,2023,8,3
957,2023-08-15,CUST957,PROD_003,4,30,120,84.0,36.0,2023,8,3
958,2023-06-02,CUST958,PROD_003,2,25,50,35.0,15.0,2023,6,2
959,2023-10-29,CUST959,PROD_003,2,30,60,42.0,18.0,2023,10,4
960,2023-08-08,CUST960,PROD_002,2,30,60,42.0,18.0,2023,8,3
961,2023-06-06,CUST961,PROD_001,4,50,200,140.0,60.0,2023,6,2
962,2023-10-19,CUST962,PROD_002,2,30,60,42.0,18.0,2023,10,4
963,2023-11-14,CUST963,PROD_001,1,50,50,35.0,15.0,2023,11,4
964,2023-01-31,CUST964,PROD_002,3,300,900,630.0,270.0,2023,1,1
965,2023-11-09,CUST965,PROD_002,4,50,200,140.0,60.0,2023,11,4
966,2023-02-20,CUST966,PROD_003,2,500,1000,700.0,300.0,2023,2,1
967,2023-04-17,CUST967,PROD_001,1,25,25,17.5,7.5,2023,4,2
968,2023-11-17,CUST968,PROD_002,3,300,900,630.0,270.0,2023,11,4
969,2023-04-19,CUST969,PROD_002,3,300,900,630.0,270.0,2023,4,2
970,2023-05-16,CUST970,PROD_003,4,500,2000,1400.0,600.0,2023,5,2
971,2023-12-05,CUST971,PROD_003,4,50,200,140.0,60.0,2023,12,4
972,2023-02-11,CUST972,PROD_001,4,25,100,70.0,30.0,2023,2,1
973,2023-03-22,CUST973,PROD_002,1,50,50,35.0,15.0,2023,3,1
974,2023-05-03,CUST974,PROD_001,1,30,30,21.0,9.0,2023,5,2
975,2023-03-30,CUST975,PROD_002,4,50,200,140.0,60.0,2023,3,1
976,2023-10-10,CUST976,PROD_001,2,300,600,420.0,180.0,2023,10,4
977,2023-02-08,CUST977,PROD_003,3,25,75,52.5,22.5,2023,2,1
978,2023-03-22,CUST978,PROD_002,3,50,150,105.0,45.0,2023,3,1
979,2023-01-02,CUST979,PROD_001,1,25,25,17.5,7.5,2023,1,1
980,2023-07-29,CUST980,PROD_003,3,25,75,52.5,22.5,2023,7,3
981,2023-08-19,CUST981,PROD_003,2,30,60,42.0,18.0,2023,8,3
982,2023-12-19,CUST982,PROD_001,3,30,90,62.99999999999999,27.0,2023,12,4
983,2023-11-01,CUST983,PROD_002,1,300,300,210.0,90.0,2023,11,4
984,2023-08-29,CUST984,PROD_002,1,500,500,350.0,150.0,2023,8,3
985,2023-05-30,CUST985,PROD_003,2,25,50,35.0,15.0,2023,5,2
986,2023-01-17,CUST986,PROD_002,2,500,1000,700.0,300.0,2023,1,1
987,2023-04-29,CUST987,PROD_002,3,300,900,630.0,270.0,2023,4,2
988,2023-05-28,CUST988,PROD_002,3,25,75,52.5,22.5,2023,5,2
989,2023-12-28,CUST989,PROD_003,1,25,25,17.5,7.5,2023,12,4
990,2023-05-25,CUST990,PROD_001,2,500,1000,700.0,300.0,2023,5,2
991,2023-12-26,CUST991,PROD_002,2,50,100,70.0,30.0,2023,12,4
992,2023-08-21,CUST992,PROD_003,2,30,60,42.0,18.0,2023,8,3
993,2023-02-06,CUST993,PROD_003,3,50,150,105.0,45.0,2023,2,1
994,2023-12-18,CUST994,PROD_001,2,500,1000,700.0,300.0,2023,12,4
995,2023-04-30,CUST995,PROD_002,1,30,30,21.0,9.0,2023,4,2
996,2023-05-16,CUST996,PROD_002,1,50,50,35.0,15.0,2023,5,2
997,2023-11-17,CUST997,PROD_001,3,30,90,62.99999999999999,27.0,2023,11,4
998,2023-10-29,CUST998,PROD_001,4,25,100,70.0,30.0,2023,10,4
999,2023-12-05,CUST999,PROD_003,3,50,150,105.0,45.0,2023,12,4
1000,2023-04-12,CUST1000,PROD_003,4,30,120,84.0,36.0,2023,4,2
